sample_id	tube_id	date	precision	imputed_date	lower50_date	upper50_date	lower95_date	upper95_date
G3757-5	W-4	2014-06-19	precise	2014-06-19	2014-06-19	2014-06-19	2014-06-19	2014-06-19
G3769-5	W-319	2014-06-28	precise	2014-06-28	2014-06-28	2014-06-28	2014-06-28	2014-06-28
G3789-3	W-6	2014-06-19	precise	2014-06-19	2014-06-19	2014-06-19	2014-06-19	2014-06-19
G3789-7	W-318	2014-06-28	precise	2014-06-28	2014-06-28	2014-06-28	2014-06-28	2014-06-28
G3794-3	W-369	2014-06-23	precise	2014-06-23	2014-06-23	2014-06-23	2014-06-23	2014-06-23
G3797-2	W-5	2014-06-19	precise	2014-06-19	2014-06-19	2014-06-19	2014-06-19	2014-06-19
G3797-3	W-386	2014-06-27	precise	2014-06-27	2014-06-27	2014-06-27	2014-06-27	2014-06-27
G3799-2	W-363	2014-06-23	precise	2014-06-23	2014-06-23	2014-06-23	2014-06-23	2014-06-23
G3805-3	W-17	2014-06-20	precise	2014-06-20	2014-06-20	2014-06-20	2014-06-20	2014-06-20
G3808-2	W-377	2014-06-24	precise	2014-06-24	2014-06-24	2014-06-24	2014-06-24	2014-06-24
G3809-2	W-365	2014-06-23	precise	2014-06-23	2014-06-23	2014-06-23	2014-06-23	2014-06-23
G3810-4	G-1	2014-06-20	precise	2014-06-20	2014-06-20	2014-06-20	2014-06-20	2014-06-20
G3811-2	W-7	2014-06-20	precise	2014-06-20	2014-06-20	2014-06-20	2014-06-20	2014-06-20
G3811-2	W-7	2014-06-20	precise	2014-06-20	2014-06-20	2014-06-20	2014-06-20	2014-06-20
G3811-2	W-7	2014-06-20	precise	2014-06-20	2014-06-20	2014-06-20	2014-06-20	2014-06-20
G3814-2	W-8	2014-06-20	precise	2014-06-20	2014-06-20	2014-06-20	2014-06-20	2014-06-20
G3817-2	W-9	2014-06-20	precise	2014-06-20	2014-06-20	2014-06-20	2014-06-20	2014-06-20
G3821-2	W-10	2014-06-20	precise	2014-06-20	2014-06-20	2014-06-20	2014-06-20	2014-06-20
G3821-3	W-367	2014-06-23	precise	2014-06-23	2014-06-23	2014-06-23	2014-06-23	2014-06-23
G3821-5	G-186	2014-07-08	precise	2014-07-08	2014-07-08	2014-07-08	2014-07-08	2014-07-08
G3838-2	W-11	2014-06-20	precise	2014-06-20	2014-06-20	2014-06-20	2014-06-20	2014-06-20
G3840-2	W-12	2014-06-20	precise	2014-06-20	2014-06-20	2014-06-20	2014-06-20	2014-06-20
G3845-2	W-13	2014-06-20	precise	2014-06-20	2014-06-20	2014-06-20	2014-06-20	2014-06-20
G3850-2	W-362	2014-06-23	precise	2014-06-23	2014-06-23	2014-06-23	2014-06-23	2014-06-23
G3851-2	W-14	2014-06-20	precise	2014-06-20	2014-06-20	2014-06-20	2014-06-20	2014-06-20
G3851-4	W-385	2014-06-27	precise	2014-06-27	2014-06-27	2014-06-27	2014-06-27	2014-06-27
G3855-2	W-15	2014-06-20	precise	2014-06-20	2014-06-20	2014-06-20	2014-06-20	2014-06-20
G3862-2	G-18	2014-06-23	precise	2014-06-23	2014-06-23	2014-06-23	2014-06-23	2014-06-23
G3869-2	W-279	2014-07-14	precise	2014-07-14	2014-07-14	2014-07-14	2014-07-14	2014-07-14
G3873-2	W-16	2014-06-20	precise	2014-06-20	2014-06-20	2014-06-20	2014-06-20	2014-06-20
G3875-2	W-295	2014-06-30	precise	2014-06-30	2014-06-30	2014-06-30	2014-06-30	2014-06-30
G3880-3	W-315	2014-06-28	precise	2014-06-28	2014-06-28	2014-06-28	2014-06-28	2014-06-28
G3881-2	W-368	2014-06-23	precise	2014-06-23	2014-06-23	2014-06-23	2014-06-23	2014-06-23
G3881-3	W-384	2014-06-27	precise	2014-06-27	2014-06-27	2014-06-27	2014-06-27	2014-06-27
G3881-6	G-187	2014-07-08	precise	2014-07-08	2014-07-08	2014-07-08	2014-07-08	2014-07-08
G3882-2	W-321	2014-06-28	precise	2014-06-28	2014-06-28	2014-06-28	2014-06-28	2014-06-28
G3882-4	W-300	2014-07-04	precise	2014-07-04	2014-07-04	2014-07-04	2014-07-04	2014-07-04
G3884-1	W-1	2014-06-19	precise	2014-06-19	2014-06-19	2014-06-19	2014-06-19	2014-06-19
G3886-1	W-2	2014-06-19	precise	2014-06-19	2014-06-19	2014-06-19	2014-06-19	2014-06-19
G3889-1	W-3	2014-06-19	precise	2014-06-19	2014-06-19	2014-06-19	2014-06-19	2014-06-19
G3889-2	W-364	2014-06-23	precise	2014-06-23	2014-06-23	2014-06-23	2014-06-23	2014-06-23
G3890-1	G-2	2014-06-20	precise	2014-06-20	2014-06-20	2014-06-20	2014-06-20	2014-06-20
G3891-1	W-18	2014-06-20	precise	2014-06-20	2014-06-20	2014-06-20	2014-06-20	2014-06-20
G3892-1	W-19	2014-06-20	precise	2014-06-20	2014-06-20	2014-06-20	2014-06-20	2014-06-20
G3892-2	W-360	2014-07-08	precise	2014-07-08	2014-07-08	2014-07-08	2014-07-08	2014-07-08
G3893-1	W-20	2014-06-20	precise	2014-06-20	2014-06-20	2014-06-20	2014-06-20	2014-06-20
G3894-1	W-21	2014-06-20	precise	2014-06-20	2014-06-20	2014-06-20	2014-06-20	2014-06-20
G3895-1	W-22	2014-06-20	precise	2014-06-20	2014-06-20	2014-06-20	2014-06-20	2014-06-20
G3896-1	W-23	2014-06-20	precise	2014-06-20	2014-06-20	2014-06-20	2014-06-20	2014-06-20
G3900-1	W-24	2014-06-20	precise	2014-06-20	2014-06-20	2014-06-20	2014-06-20	2014-06-20
G3900-3	W-383	2014-06-27	precise	2014-06-27	2014-06-27	2014-06-27	2014-06-27	2014-06-27
G3901-2	G-17	2014-06-23	precise	2014-06-23	2014-06-23	2014-06-23	2014-06-23	2014-06-23
G3906-1	G-3	2014-06-21	precise	2014-06-21	2014-06-21	2014-06-21	2014-06-21	2014-06-21
G3906-2	W-296	2014-06-30	precise	2014-06-30	2014-06-30	2014-06-30	2014-06-30	2014-06-30
G3907-1	G-4	2014-06-21	precise	2014-06-21	2014-06-21	2014-06-21	2014-06-21	2014-06-21
G3907-2	W-294	2014-06-30	precise	2014-06-30	2014-06-30	2014-06-30	2014-06-30	2014-06-30
G3907-3	W-325	2014-07-05	precise	2014-07-05	2014-07-05	2014-07-05	2014-07-05	2014-07-05
G3907-4	W-351	2014-07-08	precise	2014-07-08	2014-07-08	2014-07-08	2014-07-08	2014-07-08
G3908-1	G-5	2014-06-21	precise	2014-06-21	2014-06-21	2014-06-21	2014-06-21	2014-06-21
G3909-1	G-6	2014-06-21	precise	2014-06-21	2014-06-21	2014-06-21	2014-06-21	2014-06-21
G3909-2	W-361	2014-06-23	precise	2014-06-23	2014-06-23	2014-06-23	2014-06-23	2014-06-23
G3910-1	G-7	2014-06-21	precise	2014-06-21	2014-06-21	2014-06-21	2014-06-21	2014-06-21
G3910-2	W-293	2014-06-30	precise	2014-06-30	2014-06-30	2014-06-30	2014-06-30	2014-06-30
G3910-3	W-282	2014-07-14	precise	2014-07-14	2014-07-14	2014-07-14	2014-07-14	2014-07-14
G3911-1	G-8	2014-06-21	precise	2014-06-21	2014-06-21	2014-06-21	2014-06-21	2014-06-21
G3911-4	W-301	2014-07-04	precise	2014-07-04	2014-07-04	2014-07-04	2014-07-04	2014-07-04
G3911-5	G-185	2014-07-08	precise	2014-07-08	2014-07-08	2014-07-08	2014-07-08	2014-07-08
G3913-1	G-9	2014-06-21	precise	2014-06-21	2014-06-21	2014-06-21	2014-06-21	2014-06-21
G3913-3	W-317	2014-06-28	precise	2014-06-28	2014-06-28	2014-06-28	2014-06-28	2014-06-28
G3915-1	G-10	2014-06-21	precise	2014-06-21	2014-06-21	2014-06-21	2014-06-21	2014-06-21
G3915-2	W-292	2014-06-30	precise	2014-06-30	2014-06-30	2014-06-30	2014-06-30	2014-06-30
G3917-1	G-11	2014-06-21	precise	2014-06-21	2014-06-21	2014-06-21	2014-06-21	2014-06-21
G3926-2	W-376	2014-06-24	precise	2014-06-24	2014-06-24	2014-06-24	2014-06-24	2014-06-24
G3934-2	G-216	2014-06-28	precise	2014-06-28	2014-06-28	2014-06-28	2014-06-28	2014-06-28
G3935-2	W-289	2014-06-30	precise	2014-06-30	2014-06-30	2014-06-30	2014-06-30	2014-06-30
G3936-1	G-12	2014-06-23	precise	2014-06-23	2014-06-23	2014-06-23	2014-06-23	2014-06-23
G3936-2	W-290	2014-06-30	precise	2014-06-30	2014-06-30	2014-06-30	2014-06-30	2014-06-30
G3936-3	W-341	2014-07-07	precise	2014-07-07	2014-07-07	2014-07-07	2014-07-07	2014-07-07
G3937-1	G-13	2014-06-23	precise	2014-06-23	2014-06-23	2014-06-23	2014-06-23	2014-06-23
G3938-3	W-302	2014-07-04	precise	2014-07-04	2014-07-04	2014-07-04	2014-07-04	2014-07-04
G3939-1	G-14	2014-06-23	precise	2014-06-23	2014-06-23	2014-06-23	2014-06-23	2014-06-23
G3940-1	G-15	2014-06-23	precise	2014-06-23	2014-06-23	2014-06-23	2014-06-23	2014-06-23
G3943-1	G-16	2014-06-23	precise	2014-06-23	2014-06-23	2014-06-23	2014-06-23	2014-06-23
G3949	W-370	2014-06-23	precise	2014-06-23	2014-06-23	2014-06-23	2014-06-23	2014-06-23
G3950	W-371	2014-06-23	precise	2014-06-23	2014-06-23	2014-06-23	2014-06-23	2014-06-23
G3951	W-372	2014-06-24	precise	2014-06-24	2014-06-24	2014-06-24	2014-06-24	2014-06-24
G3951-2	W-320	2014-06-28	precise	2014-06-28	2014-06-28	2014-06-28	2014-06-28	2014-06-28
G3952	W-373	2014-06-24	precise	2014-06-24	2014-06-24	2014-06-24	2014-06-24	2014-06-24
G3952-2	W-340	2014-07-07	precise	2014-07-07	2014-07-07	2014-07-07	2014-07-07	2014-07-07
G3953	W-374	2014-06-24	precise	2014-06-24	2014-06-24	2014-06-24	2014-06-24	2014-06-24
G3958	W-375	2014-06-24	precise	2014-06-24	2014-06-24	2014-06-24	2014-06-24	2014-06-24
G3958-2	W-291	2014-06-30	precise	2014-06-30	2014-06-30	2014-06-30	2014-06-30	2014-06-30
G3958-3	W-308	2014-07-04	precise	2014-07-04	2014-07-04	2014-07-04	2014-07-04	2014-07-04
G3962	W-378	2014-06-24	precise	2014-06-24	2014-06-24	2014-06-24	2014-06-24	2014-06-24
G3962-2	W-326	2014-07-05	precise	2014-07-05	2014-07-05	2014-07-05	2014-07-05	2014-07-05
G3962-3	W-348	2014-07-08	precise	2014-07-08	2014-07-08	2014-07-08	2014-07-08	2014-07-08
G3966	W-379	2014-06-24	precise	2014-06-24	2014-06-24	2014-06-24	2014-06-24	2014-06-24
G3972	W-380	2014-06-25	precise	2014-06-25	2014-06-25	2014-06-25	2014-06-25	2014-06-25
G3973-3	W-316	2014-06-28	precise	2014-06-28	2014-06-28	2014-06-28	2014-06-28	2014-06-28
G3974	W-381	2014-06-25	precise	2014-06-25	2014-06-25	2014-06-25	2014-06-25	2014-06-25
G3984	W-382	2014-06-26	precise	2014-06-26	2014-06-26	2014-06-26	2014-06-26	2014-06-26
G3991-2	W-307	2014-07-04	precise	2014-07-04	2014-07-04	2014-07-04	2014-07-04	2014-07-04
G3991-3	W-281	2014-07-14	precise	2014-07-14	2014-07-14	2014-07-14	2014-07-14	2014-07-14
G3997-1	G-215	2014-07-16	precise	2014-07-16	2014-07-16	2014-07-16	2014-07-16	2014-07-16
G3997-2	W-277	2014-07-12	precise	2014-07-12	2014-07-12	2014-07-12	2014-07-12	2014-07-12
G4008	W-312	2014-07-04	precise	2014-07-04	2014-07-04	2014-07-04	2014-07-04	2014-07-04
G4008-2	W-352	2014-07-08	precise	2014-07-08	2014-07-08	2014-07-08	2014-07-08	2014-07-08
G4010	W-313	2014-06-28	precise	2014-06-28	2014-06-28	2014-06-28	2014-06-28	2014-06-28
G4010-3	W-283	2014-07-14	precise	2014-07-14	2014-07-14	2014-07-14	2014-07-14	2014-07-14
G4011	W-314	2014-06-28	precise	2014-06-28	2014-06-28	2014-06-28	2014-06-28	2014-06-28
G4024-2	W-280	2014-07-14	precise	2014-07-14	2014-07-14	2014-07-14	2014-07-14	2014-07-14
G4028	G-184	2014-07-08	precise	2014-07-08	2014-07-08	2014-07-08	2014-07-08	2014-07-08
G4028-4	W-286	2014-07-14	precise	2014-07-14	2014-07-14	2014-07-14	2014-07-14	2014-07-14
G4032-2	W-311	2014-07-04	precise	2014-07-04	2014-07-04	2014-07-04	2014-07-04	2014-07-04
G4033-2	W-322	2014-06-28	precise	2014-06-28	2014-06-28	2014-06-28	2014-06-28	2014-06-28
G4033-3	W-287	2014-07-14	precise	2014-07-14	2014-07-14	2014-07-14	2014-07-14	2014-07-14
G4034-2	W-278	2014-07-12	precise	2014-07-12	2014-07-12	2014-07-12	2014-07-12	2014-07-12
G4034-3	W-323	2014-07-05	precise	2014-07-05	2014-07-05	2014-07-05	2014-07-05	2014-07-05
G4073	W-297	2014-06-30	precise	2014-06-30	2014-06-30	2014-06-30	2014-06-30	2014-06-30
G4074	W-298	2014-07-04	precise	2014-07-04	2014-07-04	2014-07-04	2014-07-04	2014-07-04
G4079	W-299	2014-07-04	precise	2014-07-04	2014-07-04	2014-07-04	2014-07-04	2014-07-04
G4086	W-303	2014-07-04	precise	2014-07-04	2014-07-04	2014-07-04	2014-07-04	2014-07-04
G4086-2	W-324	2014-07-05	precise	2014-07-05	2014-07-05	2014-07-05	2014-07-05	2014-07-05
G4086-3	W-284	2014-07-14	precise	2014-07-14	2014-07-14	2014-07-14	2014-07-14	2014-07-14
G4088	W-304	2014-07-04	precise	2014-07-04	2014-07-04	2014-07-04	2014-07-04	2014-07-04
G4088-2	W-328	2014-07-05	precise	2014-07-05	2014-07-05	2014-07-05	2014-07-05	2014-07-05
G4088-3	W-350	2014-07-08	precise	2014-07-08	2014-07-08	2014-07-08	2014-07-08	2014-07-08
G4088-4	W-285	2014-07-14	precise	2014-07-14	2014-07-14	2014-07-14	2014-07-14	2014-07-14
G4095-2	W-327	2014-07-05	precise	2014-07-05	2014-07-05	2014-07-05	2014-07-05	2014-07-05
G4095-3	W-349	2014-07-08	precise	2014-07-08	2014-07-08	2014-07-08	2014-07-08	2014-07-08
G4096	W-305	2014-07-04	precise	2014-07-04	2014-07-04	2014-07-04	2014-07-04	2014-07-04
G4097	W-306	2014-07-04	precise	2014-07-04	2014-07-04	2014-07-04	2014-07-04	2014-07-04
G4105	W-309	2014-07-04	precise	2014-07-04	2014-07-04	2014-07-04	2014-07-04	2014-07-04
G4110	W-310	2014-07-04	precise	2014-07-04	2014-07-04	2014-07-04	2014-07-04	2014-07-04
G4110-2	W-342	2014-07-07	precise	2014-07-07	2014-07-07	2014-07-07	2014-07-07	2014-07-07
G4116	W-329	2014-07-05	precise	2014-07-05	2014-07-05	2014-07-05	2014-07-05	2014-07-05
G4118	W-335	2014-07-05	precise	2014-07-05	2014-07-05	2014-07-05	2014-07-05	2014-07-05
G4121	W-336	2014-07-07	precise	2014-07-07	2014-07-07	2014-07-07	2014-07-07	2014-07-07
G4121-2	G-189	2014-07-08	precise	2014-07-08	2014-07-08	2014-07-08	2014-07-08	2014-07-08
G4122	W-337	2014-07-07	precise	2014-07-07	2014-07-07	2014-07-07	2014-07-07	2014-07-07
G4124	W-338	2014-07-07	precise	2014-07-07	2014-07-07	2014-07-07	2014-07-07	2014-07-07
G4125	W-339	2014-07-07	precise	2014-07-07	2014-07-07	2014-07-07	2014-07-07	2014-07-07
G4127-2	W-330	2014-07-04	precise	2014-07-04	2014-07-04	2014-07-04	2014-07-04	2014-07-04
G4131	W-331	2014-07-05	precise	2014-07-05	2014-07-05	2014-07-05	2014-07-05	2014-07-05
G4132	W-332	2014-07-05	precise	2014-07-05	2014-07-05	2014-07-05	2014-07-05	2014-07-05
G4133	W-333	2014-07-05	precise	2014-07-05	2014-07-05	2014-07-05	2014-07-05	2014-07-05
G4135	W-334	2014-07-05	precise	2014-07-05	2014-07-05	2014-07-05	2014-07-05	2014-07-05
G4141	W-343	2014-07-07	precise	2014-07-07	2014-07-07	2014-07-07	2014-07-07	2014-07-07
G4144	W-344	2014-07-07	precise	2014-07-07	2014-07-07	2014-07-07	2014-07-07	2014-07-07
G4146	W-353	2014-07-08	precise	2014-07-08	2014-07-08	2014-07-08	2014-07-08	2014-07-08
G4147	W-355	2014-07-08	precise	2014-07-08	2014-07-08	2014-07-08	2014-07-08	2014-07-08
G4150	W-345	2014-07-07	precise	2014-07-07	2014-07-07	2014-07-07	2014-07-07	2014-07-07
G4151	G-193	2014-07-09	precise	2014-07-09	2014-07-09	2014-07-09	2014-07-09	2014-07-09
G4187	W-354	2014-07-08	precise	2014-07-08	2014-07-08	2014-07-08	2014-07-08	2014-07-08
G4188	W-356	2014-07-08	precise	2014-07-08	2014-07-08	2014-07-08	2014-07-08	2014-07-08
G4190	W-357	2014-07-08	precise	2014-07-08	2014-07-08	2014-07-08	2014-07-08	2014-07-08
G4192	W-358	2014-07-08	precise	2014-07-08	2014-07-08	2014-07-08	2014-07-08	2014-07-08
G4193	W-359	2014-07-08	precise	2014-07-08	2014-07-08	2014-07-08	2014-07-08	2014-07-08
G4200	W-346	2014-07-08	precise	2014-07-08	2014-07-08	2014-07-08	2014-07-08	2014-07-08
G4201	W-347	2014-07-08	precise	2014-07-08	2014-07-08	2014-07-08	2014-07-08	2014-07-08
G4202	G-182	2014-07-08	precise	2014-07-08	2014-07-08	2014-07-08	2014-07-08	2014-07-08
G4204	G-183	2014-07-08	precise	2014-07-08	2014-07-08	2014-07-08	2014-07-08	2014-07-08
G4209	G-190	2014-07-08	precise	2014-07-08	2014-07-08	2014-07-08	2014-07-08	2014-07-08
G4213	G-191	2014-07-08	precise	2014-07-08	2014-07-08	2014-07-08	2014-07-08	2014-07-08
G4216	G-192	2014-07-09	precise	2014-07-09	2014-07-09	2014-07-09	2014-07-09	2014-07-09
G4217	G-194	2014-07-08	precise	2014-07-08	2014-07-08	2014-07-08	2014-07-08	2014-07-08
G4220-2	W-272	2014-07-11	precise	2014-07-11	2014-07-11	2014-07-11	2014-07-11	2014-07-11
G4221	G-195	2014-07-08	precise	2014-07-08	2014-07-08	2014-07-08	2014-07-08	2014-07-08
G4225-5	W-108	2014-XX-XX	imprecise	2014-07-06	2014-07-02	2014-07-11	2014-06-25	2014-07-23
G4235	G-196	2014-07-08	precise	2014-07-08	2014-07-08	2014-07-08	2014-07-08	2014-07-08
G4236	G-197	2014-07-11	precise	2014-07-11	2014-07-11	2014-07-11	2014-07-11	2014-07-11
G4238	G-198	2014-07-11	precise	2014-07-11	2014-07-11	2014-07-11	2014-07-11	2014-07-11
G4250	W-265	2014-07-11	precise	2014-07-11	2014-07-11	2014-07-11	2014-07-11	2014-07-11
G4251	W-266	2014-07-11	precise	2014-07-11	2014-07-11	2014-07-11	2014-07-11	2014-07-11
G4252	W-267	2014-07-11	precise	2014-07-11	2014-07-11	2014-07-11	2014-07-11	2014-07-11
G4253	W-268	2014-07-11	precise	2014-07-11	2014-07-11	2014-07-11	2014-07-11	2014-07-11
G4254	W-269	2014-07-11	precise	2014-07-11	2014-07-11	2014-07-11	2014-07-11	2014-07-11
G4255	W-273	2014-07-11	precise	2014-07-11	2014-07-11	2014-07-11	2014-07-11	2014-07-11
G4263	W-270	2014-07-11	precise	2014-07-11	2014-07-11	2014-07-11	2014-07-11	2014-07-11
G4264	W-271	2014-07-11	precise	2014-07-11	2014-07-11	2014-07-11	2014-07-11	2014-07-11
G4286	W-274	2014-07-11	precise	2014-07-11	2014-07-11	2014-07-11	2014-07-11	2014-07-11
G4287	W-275	2014-07-12	precise	2014-07-12	2014-07-12	2014-07-12	2014-07-12	2014-07-12
G4288	W-276	2014-07-12	precise	2014-07-12	2014-07-12	2014-07-12	2014-07-12	2014-07-12
G4295	G-205	2014-07-14	precise	2014-07-14	2014-07-14	2014-07-14	2014-07-14	2014-07-14
G4299	G-206	2014-07-14	precise	2014-07-14	2014-07-14	2014-07-14	2014-07-14	2014-07-14
G4300	G-207	2014-07-14	precise	2014-07-14	2014-07-14	2014-07-14	2014-07-14	2014-07-14
G4301	G-212	2014-07-14	precise	2014-07-14	2014-07-14	2014-07-14	2014-07-14	2014-07-14
G4312	W-288	2014-07-14	precise	2014-07-14	2014-07-14	2014-07-14	2014-07-14	2014-07-14
G4312-2	W-230	2014-07-16	precise	2014-07-16	2014-07-16	2014-07-16	2014-07-16	2014-07-16
G4316	G-199	2014-07-14	precise	2014-07-14	2014-07-14	2014-07-14	2014-07-14	2014-07-14
G4322	G-200	2014-07-14	precise	2014-07-14	2014-07-14	2014-07-14	2014-07-14	2014-07-14
G4323-2	G-166	2014-07-16	precise	2014-07-16	2014-07-16	2014-07-16	2014-07-16	2014-07-16
G4324	G-201	2014-07-14	precise	2014-07-14	2014-07-14	2014-07-14	2014-07-14	2014-07-14
G4325	G-202	2014-07-14	precise	2014-07-14	2014-07-14	2014-07-14	2014-07-14	2014-07-14
G4328	G-203	2014-07-14	precise	2014-07-14	2014-07-14	2014-07-14	2014-07-14	2014-07-14
G4329	G-204	2014-07-14	precise	2014-07-14	2014-07-14	2014-07-14	2014-07-14	2014-07-14
G4330	G-208	2014-07-14	precise	2014-07-14	2014-07-14	2014-07-14	2014-07-14	2014-07-14
G4332	G-209	2014-07-14	precise	2014-07-14	2014-07-14	2014-07-14	2014-07-14	2014-07-14
G4333	G-210	2014-07-14	precise	2014-07-14	2014-07-14	2014-07-14	2014-07-14	2014-07-14
G4334	G-211	2014-07-14	precise	2014-07-14	2014-07-14	2014-07-14	2014-07-14	2014-07-14
G4337	G-213	2014-07-14	precise	2014-07-14	2014-07-14	2014-07-14	2014-07-14	2014-07-14
G4338	G-214	2014-07-14	precise	2014-07-14	2014-07-14	2014-07-14	2014-07-14	2014-07-14
G4342	W-228	2014-07-16	precise	2014-07-16	2014-07-16	2014-07-16	2014-07-16	2014-07-16
G4345	W-229	2014-07-16	precise	2014-07-16	2014-07-16	2014-07-16	2014-07-16	2014-07-16
G4346	W-231	2014-07-16	precise	2014-07-16	2014-07-16	2014-07-16	2014-07-16	2014-07-16
G4347	W-234	2014-07-16	precise	2014-07-16	2014-07-16	2014-07-16	2014-07-16	2014-07-16
G4348	W-232	2014-07-16	precise	2014-07-16	2014-07-16	2014-07-16	2014-07-16	2014-07-16
G4350	W-233	2014-07-16	precise	2014-07-16	2014-07-16	2014-07-16	2014-07-16	2014-07-16
G4368-2	W-249	2014-07-17	precise	2014-07-17	2014-07-17	2014-07-17	2014-07-17	2014-07-17
G4380	W-235	2014-07-16	precise	2014-07-16	2014-07-16	2014-07-16	2014-07-16	2014-07-16
G4382	W-236	2014-07-16	precise	2014-07-16	2014-07-16	2014-07-16	2014-07-16	2014-07-16
G4386-3	G-51	2014-XX-XX	imprecise	2014-07-12	2014-07-07	2014-07-18	2014-06-29	2014-08-01
G4388	W-226	2014-XX-XX	imprecise	2014-07-12	2014-07-07	2014-07-18	2014-06-29	2014-08-01
G4389	W-227	2014-07-16	precise	2014-07-16	2014-07-16	2014-07-16	2014-07-16	2014-07-16
G4406	W-237	2014-07-16	precise	2014-07-16	2014-07-16	2014-07-16	2014-07-16	2014-07-16
G4415	W-238	2014-07-16	precise	2014-07-16	2014-07-16	2014-07-16	2014-07-16	2014-07-16
G4416	W-239	2014-07-16	precise	2014-07-16	2014-07-16	2014-07-16	2014-07-16	2014-07-16
G4419	W-240	2014-07-16	precise	2014-07-16	2014-07-16	2014-07-16	2014-07-16	2014-07-16
G4422	G-163	2014-07-16	precise	2014-07-16	2014-07-16	2014-07-16	2014-07-16	2014-07-16
G4423	G-164	2014-07-16	precise	2014-07-16	2014-07-16	2014-07-16	2014-07-16	2014-07-16
G4424	G-165	2014-07-16	precise	2014-07-16	2014-07-16	2014-07-16	2014-07-16	2014-07-16
G4431	G-175	2014-08-18	precise	2014-08-18	2014-08-18	2014-08-18	2014-08-18	2014-08-18
G4433	G-176	2014-07-17	precise	2014-07-17	2014-07-17	2014-07-17	2014-07-17	2014-07-17
G4437	G-177	2014-07-17	precise	2014-07-17	2014-07-17	2014-07-17	2014-07-17	2014-07-17
G4438	G-178	2014-07-17	precise	2014-07-17	2014-07-17	2014-07-17	2014-07-17	2014-07-17
G4439	G-179	2014-07-17	precise	2014-07-17	2014-07-17	2014-07-17	2014-07-17	2014-07-17
G4440	G-180	2014-07-17	precise	2014-07-17	2014-07-17	2014-07-17	2014-07-17	2014-07-17
G4441	W-241	2014-07-17	precise	2014-07-17	2014-07-17	2014-07-17	2014-07-17	2014-07-17
G4445	W-242	2014-07-17	precise	2014-07-17	2014-07-17	2014-07-17	2014-07-17	2014-07-17
G4450	W-243	2014-07-17	precise	2014-07-17	2014-07-17	2014-07-17	2014-07-17	2014-07-17
G4453	W-244	2014-07-17	precise	2014-07-17	2014-07-17	2014-07-17	2014-07-17	2014-07-17
G4454	W-245	2014-07-17	precise	2014-07-17	2014-07-17	2014-07-17	2014-07-17	2014-07-17
G4455	W-246	2014-07-17	precise	2014-07-17	2014-07-17	2014-07-17	2014-07-17	2014-07-17
G4457	W-247	2014-07-17	precise	2014-07-17	2014-07-17	2014-07-17	2014-07-17	2014-07-17
G4458	W-248	2014-07-17	precise	2014-07-17	2014-07-17	2014-07-17	2014-07-17	2014-07-17
G4465	W-250	2014-07-17	precise	2014-07-17	2014-07-17	2014-07-17	2014-07-17	2014-07-17
G4466	W-251	2014-07-17	precise	2014-07-17	2014-07-17	2014-07-17	2014-07-17	2014-07-17
G4485-2	W-105	2014-XX-XX	imprecise	2014-07-16	2014-07-11	2014-07-23	2014-07-02	2014-08-07
G4495-3	W-73	2014-XX-XX	imprecise	2014-07-17	2014-07-11	2014-07-23	2014-07-02	2014-08-07
G4496-5	W-103	2014-XX-XX	imprecise	2014-07-17	2014-07-11	2014-07-23	2014-07-02	2014-08-07
G4518-3	G-43	2014-XX-XX	imprecise	2014-07-18	2014-07-12	2014-07-25	2014-07-03	2014-08-09
G4527-2	G-167	2014-07-16	precise	2014-07-16	2014-07-16	2014-07-16	2014-07-16	2014-07-16
G4555-2	G-50	2014-XX-XX	imprecise	2014-07-20	2014-07-14	2014-07-26	2014-07-04	2014-08-11
G4561-2	G-37	2014-XX-XX	imprecise	2014-07-20	2014-07-14	2014-07-27	2014-07-04	2014-08-12
G4583-2	W-74	2014-XX-XX	imprecise	2014-07-21	2014-07-15	2014-07-28	2014-07-05	2014-08-13
G4649	G-46	2014-XX-XX	imprecise	2014-07-24	2014-07-18	2014-08-01	2014-07-07	2014-08-18
G4683	W-70	2014-XX-XX	imprecise	2014-07-26	2014-07-19	2014-08-03	2014-07-09	2014-08-20
G4690	G-42	2014-XX-XX	imprecise	2014-07-26	2014-07-20	2014-08-03	2014-07-09	2014-08-21
G4697	W-63	2014-XX-XX	imprecise	2014-07-27	2014-07-20	2014-08-04	2014-07-09	2014-08-22
G4698	W-72	2014-XX-XX	imprecise	2014-07-27	2014-07-20	2014-08-04	2014-07-09	2014-08-22
G4699	G-40	2014-XX-XX	imprecise	2014-07-27	2014-07-20	2014-08-04	2014-07-09	2014-08-22
G4700	W-61	2014-XX-XX	imprecise	2014-07-27	2014-07-20	2014-08-04	2014-07-09	2014-08-22
G4701	W-65	2014-XX-XX	imprecise	2014-07-27	2014-07-20	2014-08-04	2014-07-09	2014-08-22
G4702	W-69	2014-XX-XX	imprecise	2014-07-27	2014-07-20	2014-08-04	2014-07-09	2014-08-22
G4704	G-54	2014-XX-XX	imprecise	2014-07-27	2014-07-20	2014-08-04	2014-07-09	2014-08-22
G4715	W-71	2014-XX-XX	imprecise	2014-07-28	2014-07-21	2014-08-05	2014-07-10	2014-08-23
G4715-3	W-104	2014-XX-XX	imprecise	2014-07-28	2014-07-21	2014-08-05	2014-07-10	2014-08-23
G4717	G-39	2014-XX-XX	imprecise	2014-07-28	2014-07-21	2014-08-05	2014-07-10	2014-08-23
G4718	W-60	2014-XX-XX	imprecise	2014-07-28	2014-07-21	2014-08-05	2014-07-10	2014-08-23
G4719	W-64	2014-XX-XX	imprecise	2014-07-28	2014-07-21	2014-08-05	2014-07-10	2014-08-23
G4724	W-68	2014-XX-XX	imprecise	2014-07-28	2014-07-21	2014-08-05	2014-07-10	2014-08-24
G4725	G-53	2014-XX-XX	imprecise	2014-07-28	2014-07-21	2014-08-05	2014-07-10	2014-08-24
G4726	W-76	2014-XX-XX	imprecise	2014-07-28	2014-07-21	2014-08-05	2014-07-10	2014-08-24
G4727	G-47	2014-XX-XX	imprecise	2014-07-28	2014-07-21	2014-08-05	2014-07-10	2014-08-24
G4730	G-45	2014-XX-XX	imprecise	2014-07-29	2014-07-21	2014-08-06	2014-07-10	2014-08-24
G4731	G-49	2014-XX-XX	imprecise	2014-07-29	2014-07-22	2014-08-06	2014-07-10	2014-08-24
G4733	W-75	2014-XX-XX	imprecise	2014-07-29	2014-07-22	2014-08-06	2014-07-10	2014-08-24
G4736	G-38	2014-XX-XX	imprecise	2014-07-29	2014-07-22	2014-08-06	2014-07-10	2014-08-25
G4744	W-62	2014-XX-XX	imprecise	2014-07-29	2014-07-22	2014-08-06	2014-07-11	2014-08-25
G4748	G-44	2014-XX-XX	imprecise	2014-07-30	2014-07-22	2014-08-07	2014-07-11	2014-08-26
G4748	G-44	2014-XX-XX	imprecise	2014-07-30	2014-07-22	2014-08-07	2014-07-11	2014-08-26
G4750	G-52	2014-XX-XX	imprecise	2014-07-30	2014-07-22	2014-08-07	2014-07-11	2014-08-26
G4751	W-67	2014-XX-XX	imprecise	2014-07-30	2014-07-22	2014-08-07	2014-07-11	2014-08-26
G4753-2	W-102	2014-XX-XX	imprecise	2014-07-30	2014-07-23	2014-08-07	2014-07-11	2014-08-26
G4763-2	G-60	2014-XX-XX	imprecise	2014-07-30	2014-07-23	2014-08-08	2014-07-12	2014-08-27
G4769	G-41	2014-XX-XX	imprecise	2014-07-31	2014-07-23	2014-08-08	2014-07-12	2014-08-27
G4789	W-135	2014-XX-XX	imprecise	2014-08-01	2014-07-24	2014-08-09	2014-07-13	2014-08-29
G4812-2	W-101	2014-XX-XX	imprecise	2014-08-02	2014-07-26	2014-08-11	2014-07-13	2014-08-31
G4818-3	W-100	2014-XX-XX	imprecise	2014-08-03	2014-07-26	2014-08-11	2014-07-14	2014-09-01
G4837	G-168	2014-07-16	precise	2014-07-16	2014-07-16	2014-07-16	2014-07-16	2014-07-16
G4845-3	G-76	2014-XX-XX	imprecise	2014-08-04	2014-07-27	2014-08-13	2014-07-15	2014-09-03
G4849	G-72	2014-XX-XX	imprecise	2014-08-04	2014-07-28	2014-08-13	2014-07-15	2014-09-03
G4849-3	W-201	2014-XX-XX	imprecise	2014-08-04	2014-07-28	2014-08-13	2014-07-15	2014-09-03
G4849-4	W-169	2014-XX-XX	imprecise	2014-08-04	2014-07-28	2014-08-13	2014-07-15	2014-09-03
G4850	W-107	2014-XX-XX	imprecise	2014-08-05	2014-07-28	2014-08-14	2014-07-15	2014-09-03
G4852	G-57	2014-XX-XX	imprecise	2014-08-05	2014-07-28	2014-08-14	2014-07-15	2014-09-04
G4856	W-98	2014-XX-XX	imprecise	2014-08-05	2014-07-28	2014-08-14	2014-07-15	2014-09-04
G4858	W-97	2014-XX-XX	imprecise	2014-08-05	2014-07-28	2014-08-14	2014-07-15	2014-09-04
G4861	G-58	2014-XX-XX	imprecise	2014-08-05	2014-07-28	2014-08-14	2014-07-15	2014-09-04
G4868	W-113	2014-XX-XX	imprecise	2014-08-06	2014-07-29	2014-08-15	2014-07-16	2014-09-05
G4875-2	W-106	2014-XX-XX	imprecise	2014-08-06	2014-07-29	2014-08-15	2014-07-16	2014-09-06
G4875-3	G-77	2014-XX-XX	imprecise	2014-08-06	2014-07-29	2014-08-15	2014-07-16	2014-09-06
G4876-2	W-96	2014-XX-XX	imprecise	2014-08-06	2014-07-29	2014-08-15	2014-07-16	2014-09-06
G4880-2	G-78	2014-XX-XX	imprecise	2014-08-06	2014-07-29	2014-08-16	2014-07-16	2014-09-06
G4886	W-115	2014-XX-XX	imprecise	2014-08-07	2014-07-30	2014-08-16	2014-07-17	2014-09-07
G4896	G-88	2014-XX-XX	imprecise	2014-08-07	2014-07-30	2014-08-17	2014-07-17	2014-09-08
G4907	W-129	2014-XX-XX	imprecise	2014-08-08	2014-07-31	2014-08-18	2014-07-17	2014-09-09
G4909-2	G-55	2014-XX-XX	imprecise	2014-08-08	2014-07-31	2014-08-18	2014-07-18	2014-09-09
G4929	G-75	2014-XX-XX	imprecise	2014-08-10	2014-08-01	2014-08-19	2014-07-18	2014-09-11
G4929-2	G-71	2014-XX-XX	imprecise	2014-08-10	2014-08-01	2014-08-19	2014-07-18	2014-09-11
G4929-2	G-71	2014-XX-XX	imprecise	2014-08-10	2014-08-01	2014-08-19	2014-07-18	2014-09-11
G4931	G-56	2014-XX-XX	imprecise	2014-08-10	2014-08-01	2014-08-19	2014-07-19	2014-09-11
G4937	W-130	2014-XX-XX	imprecise	2014-08-10	2014-08-01	2014-08-20	2014-07-19	2014-09-12
G4942	W-128	2014-XX-XX	imprecise	2014-08-10	2014-08-02	2014-08-20	2014-07-19	2014-09-12
G4946	W-118	2014-XX-XX	imprecise	2014-XX-XX	2014-XX-XX	2014-XX-XX	2014-XX-XX	2014-XX-XX
G4946	W-118	2014-XX-XX	imprecise	2014-08-11	2014-08-02	2014-08-21	2014-07-19	2014-09-13
G4950-2	W-66	2014-XX-XX	imprecise	2014-08-11	2014-08-02	2014-08-21	2014-07-19	2014-09-13
G4955	W-117	2014-XX-XX	imprecise	2014-08-11	2014-08-03	2014-08-21	2014-07-20	2014-09-13
G4956	W-116	2014-XX-XX	imprecise	2014-XX-XX	2014-XX-XX	2014-XX-XX	2014-XX-XX	2014-XX-XX
G4956	W-116	2014-XX-XX	imprecise	2014-08-11	2014-08-03	2014-08-21	2014-07-20	2014-09-14
G4956-2	W-95	2014-XX-XX	imprecise	2014-08-11	2014-08-03	2014-08-21	2014-07-20	2014-09-14
G4960	W-114	2014-XX-XX	imprecise	2014-08-12	2014-08-03	2014-08-22	2014-07-20	2014-09-14
G4969	W-112	2014-XX-XX	imprecise	2014-08-12	2014-08-03	2014-08-22	2014-07-20	2014-09-15
G4971	W-111	2014-XX-XX	imprecise	2014-08-12	2014-08-04	2014-08-23	2014-07-20	2014-09-15
G4972	G-171	2014-08-14	precise	2014-08-14	2014-08-14	2014-08-14	2014-08-14	2014-08-14
G4973	G-172	2014-08-14	precise	2014-08-14	2014-08-14	2014-08-14	2014-08-14	2014-08-14
G4979	W-179	2014-XX-XX	imprecise	2014-08-13	2014-08-04	2014-08-23	2014-07-21	2014-09-16
G4979-2	W-94	2014-XX-XX	imprecise	2014-08-13	2014-08-04	2014-08-23	2014-07-21	2014-09-16
G4981	W-180	2014-XX-XX	imprecise	2014-08-13	2014-08-04	2014-08-23	2014-07-21	2014-09-16
G4982	W-181	2014-XX-XX	imprecise	2014-08-13	2014-08-04	2014-08-23	2014-07-21	2014-09-16
G4983	W-92	2014-XX-XX	imprecise	2014-08-13	2014-08-04	2014-08-23	2014-07-21	2014-09-16
G4990-3	G-80	2014-XX-XX	imprecise	2014-08-14	2014-08-05	2014-08-24	2014-07-21	2014-09-17
G4994	W-99	2014-XX-XX	imprecise	2014-08-14	2014-08-05	2014-08-24	2014-07-21	2014-09-17
G4996	W-110	2014-XX-XX	imprecise	2014-08-14	2014-08-05	2014-08-25	2014-07-22	2014-09-18
G4999	W-109	2014-XX-XX	imprecise	2014-08-14	2014-08-05	2014-08-25	2014-07-22	2014-09-18
G5008	G-87	2014-XX-XX	imprecise	2014-08-15	2014-08-06	2014-08-26	2014-07-22	2014-09-19
G5012-2	W-48	2014-XX-XX	imprecise	2014-08-15	2014-08-06	2014-08-26	2014-07-22	2014-09-19
G5012-2	W-48	2014-XX-XX	imprecise	2014-08-15	2014-08-06	2014-08-26	2014-07-22	2014-09-19
G5012-3	G-59	2014-XX-XX	imprecise	2014-08-15	2014-08-06	2014-08-26	2014-07-22	2014-09-19
G5012-3	G-59	2014-XX-XX	imprecise	2014-08-15	2014-08-06	2014-08-26	2014-07-22	2014-09-19
G5013	G-86	2014-XX-XX	imprecise	2014-08-15	2014-08-06	2014-08-26	2014-07-22	2014-09-19
G5016	G-70	2014-XX-XX	imprecise	2014-08-16	2014-08-06	2014-08-26	2014-07-23	2014-09-20
G5019	G-68	2014-XX-XX	imprecise	2014-08-16	2014-08-06	2014-08-26	2014-07-23	2014-09-20
G5020	G-67	2014-XX-XX	imprecise	2014-08-16	2014-08-07	2014-08-26	2014-07-23	2014-09-20
G5021	G-66	2014-XX-XX	imprecise	2014-08-16	2014-08-07	2014-08-27	2014-07-23	2014-09-20
G5021	G-66	2014-XX-XX	imprecise	2014-08-16	2014-08-07	2014-08-27	2014-07-23	2014-09-20
G5021-4	G-97	2014-XX-XX	imprecise	2014-08-16	2014-08-07	2014-08-27	2014-07-23	2014-09-20
G5021-5	G-124	2014-XX-XX	imprecise	2014-08-16	2014-08-07	2014-08-27	2014-07-23	2014-09-20
G5021-7	W-214	2014-XX-XX	imprecise	2014-08-16	2014-08-07	2014-08-27	2014-07-23	2014-09-20
G5039	W-119	2014-XX-XX	imprecise	2014-08-17	2014-08-08	2014-08-28	2014-07-24	2014-09-22
G5044	W-120	2014-XX-XX	imprecise	2014-08-18	2014-08-08	2014-08-29	2014-07-24	2014-09-23
G5045	G-73	2014-XX-XX	imprecise	2014-08-18	2014-08-08	2014-08-29	2014-07-24	2014-09-23
G5045-2	W-47	2014-XX-XX	imprecise	2014-08-18	2014-08-08	2014-08-29	2014-07-24	2014-09-23
G5045-2	W-47	2014-XX-XX	imprecise	2014-08-18	2014-08-08	2014-08-29	2014-07-24	2014-09-23
G5059	G-81	2014-XX-XX	imprecise	2014-XX-XX	2014-XX-XX	2014-XX-XX	2014-XX-XX	2014-XX-XX
G5059	G-81	2014-XX-XX	imprecise	2014-08-19	2014-08-09	2014-08-30	2014-07-25	2014-09-24
G5064	G-82	2014-XX-XX	imprecise	2014-XX-XX	2014-XX-XX	2014-XX-XX	2014-XX-XX	2014-XX-XX
G5064	G-82	2014-XX-XX	imprecise	2014-08-19	2014-08-09	2014-08-30	2014-07-25	2014-09-25
G5103	G-83	2014-XX-XX	imprecise	2014-08-22	2014-08-12	2014-09-03	2014-07-27	2014-09-29
G5107	G-84	2014-XX-XX	imprecise	2014-08-22	2014-08-12	2014-09-03	2014-07-27	2014-09-30
G5109	G-85	2014-XX-XX	imprecise	2014-08-23	2014-08-12	2014-09-03	2014-07-27	2014-09-30
G5112	G-64	2014-XX-XX	imprecise	2014-08-23	2014-08-13	2014-09-03	2014-07-27	2014-09-30
G5112-2	G-79	2014-XX-XX	imprecise	2014-08-23	2014-08-13	2014-09-03	2014-07-27	2014-09-30
G5114	G-63	2014-XX-XX	imprecise	2014-08-23	2014-08-13	2014-09-04	2014-07-28	2014-10-01
G5115	G-61	2014-XX-XX	imprecise	2014-08-23	2014-08-13	2014-09-04	2014-07-28	2014-10-01
G5117	W-132	2014-XX-XX	imprecise	2014-08-23	2014-08-13	2014-09-04	2014-07-28	2014-10-01
G5118	W-131	2014-XX-XX	imprecise	2014-08-23	2014-08-13	2014-09-04	2014-07-28	2014-10-01
G5119	G-65	2014-XX-XX	imprecise	2014-08-23	2014-08-13	2014-09-04	2014-07-28	2014-10-01
G5125	G-62	2014-XX-XX	imprecise	2014-08-24	2014-08-14	2014-09-05	2014-07-28	2014-10-02
G5134-5	G-152	2014-XX-XX	imprecise	2014-08-25	2014-08-14	2014-09-06	2014-07-29	2014-10-03
G5178-4	G-109	2014-XX-XX	imprecise	2014-08-28	2014-08-17	2014-09-10	2014-07-31	2014-10-08
G5212	G-20	2014-XX-XX	imprecise	2014-08-31	2014-08-20	2014-09-13	2014-08-02	2014-10-13
G5221	W-134	2014-XX-XX	imprecise	2014-09-01	2014-08-21	2014-09-14	2014-08-03	2014-10-14
G5223	W-140	2014-XX-XX	imprecise	2014-09-01	2014-08-21	2014-09-14	2014-08-03	2014-10-14
G5226-3	G-95	2014-XX-XX	imprecise	2014-09-01	2014-08-21	2014-09-14	2014-08-03	2014-10-15
G5226-4	G-118	2014-XX-XX	imprecise	2014-09-01	2014-08-21	2014-09-14	2014-08-03	2014-10-15
G5231-2	G-122	2014-XX-XX	imprecise	2014-09-02	2014-08-21	2014-09-15	2014-08-03	2014-10-15
G5236-2	W-142	2014-XX-XX	imprecise	2014-09-02	2014-08-22	2014-09-15	2014-08-03	2014-10-16
G5237	G-181	2014-08-30	precise	2014-08-30	2014-08-30	2014-08-30	2014-08-30	2014-08-30
G5238	W-264	2014-08-30	precise	2014-08-30	2014-08-30	2014-08-30	2014-08-30	2014-08-30
G5242	W-263	2014-08-30	precise	2014-08-30	2014-08-30	2014-08-30	2014-08-30	2014-08-30
G5244	W-259	2014-08-30	precise	2014-08-30	2014-08-30	2014-08-30	2014-08-30	2014-08-30
G5261	W-202	2014-XX-XX	imprecise	2014-09-04	2014-08-24	2014-09-18	2014-08-05	2014-10-19
G5265-2	W-136	2014-XX-XX	imprecise	2014-09-05	2014-08-24	2014-09-18	2014-08-05	2014-10-20
G5289	W-262	2014-08-30	precise	2014-08-30	2014-08-30	2014-08-30	2014-08-30	2014-08-30
G5295	W-261	2014-08-30	precise	2014-08-30	2014-08-30	2014-08-30	2014-08-30	2014-08-30
G5296	W-124	2014-XX-XX	imprecise	2014-XX-XX	2014-XX-XX	2014-XX-XX	2014-XX-XX	2014-XX-XX
G5296	W-124	2014-XX-XX	imprecise	2014-09-08	2014-08-27	2014-09-22	2014-08-07	2014-10-24
G5301-3	G-102	2014-XX-XX	imprecise	2014-09-08	2014-08-27	2014-09-22	2014-08-08	2014-10-25
G5301-4	G-107	2014-XX-XX	imprecise	2014-09-08	2014-08-27	2014-09-22	2014-08-08	2014-10-25
G5304	W-257	2014-08-30	precise	2014-08-30	2014-08-30	2014-08-30	2014-08-30	2014-08-30
G5305	W-126	2014-XX-XX	imprecise	2014-XX-XX	2014-XX-XX	2014-XX-XX	2014-XX-XX	2014-XX-XX
G5305	W-126	2014-XX-XX	imprecise	2014-09-09	2014-08-27	2014-09-23	2014-08-08	2014-10-25
G5320	W-127	2014-XX-XX	imprecise	2014-09-10	2014-08-29	2014-09-24	2014-08-09	2014-10-27
G5361	G-90	2014-XX-XX	imprecise	2014-XX-XX	2014-XX-XX	2014-XX-XX	2014-XX-XX	2014-XX-XX
G5361	G-90	2014-XX-XX	imprecise	2014-09-14	2014-09-01	2014-09-29	2014-08-11	2014-11-02
G5364	G-89	2014-XX-XX	imprecise	2014-XX-XX	2014-XX-XX	2014-XX-XX	2014-XX-XX	2014-XX-XX
G5364	G-89	2014-XX-XX	imprecise	2014-09-14	2014-09-01	2014-09-29	2014-08-12	2014-11-03
G5370	W-122	2014-XX-XX	imprecise	2014-XX-XX	2014-XX-XX	2014-XX-XX	2014-XX-XX	2014-XX-XX
G5370	W-122	2014-XX-XX	imprecise	2014-09-15	2014-09-02	2014-09-30	2014-08-12	2014-11-04
G5370-2	W-215	2014-XX-XX	imprecise	2014-09-15	2014-09-02	2014-09-30	2014-08-12	2014-11-04
G5371	W-121	2014-XX-XX	imprecise	2014-XX-XX	2014-XX-XX	2014-XX-XX	2014-XX-XX	2014-XX-XX
G5371	W-121	2014-XX-XX	imprecise	2014-09-15	2014-09-02	2014-09-30	2014-08-12	2014-11-04
G5375	G-19	2014-XX-XX	imprecise	2014-XX-XX	2014-XX-XX	2014-XX-XX	2014-XX-XX	2014-XX-XX
G5375	G-19	2014-XX-XX	imprecise	2014-09-15	2014-09-02	2014-09-30	2014-08-12	2014-11-04
G5375	G-19	2014-XX-XX	imprecise	2014-09-15	2014-09-02	2014-09-30	2014-08-12	2014-11-04
G5380-3	G-132	2014-XX-XX	imprecise	2014-09-16	2014-09-03	2014-10-01	2014-08-13	2014-11-05
G5382-2	W-155	2014-XX-XX	imprecise	2014-09-16	2014-09-03	2014-10-01	2014-08-13	2014-11-06
G5382-3	W-182	2014-XX-XX	imprecise	2014-09-16	2014-09-03	2014-10-01	2014-08-13	2014-11-06
G5384-2	W-212	2014-XX-XX	imprecise	2014-09-16	2014-09-03	2014-10-02	2014-08-13	2014-11-06
G5384-3	G-137	2014-XX-XX	imprecise	2014-09-16	2014-09-03	2014-10-02	2014-08-13	2014-11-06
G5386-2	G-123	2014-XX-XX	imprecise	2014-09-17	2014-09-03	2014-10-02	2014-08-13	2014-11-06
G5387-2	W-203	2014-XX-XX	imprecise	2014-09-17	2014-09-03	2014-10-02	2014-08-13	2014-11-06
G5387-3	W-221	2014-XX-XX	imprecise	2014-09-17	2014-09-03	2014-10-02	2014-08-13	2014-11-06
G5412-2	W-141	2014-XX-XX	imprecise	2014-09-19	2014-09-06	2014-10-05	2014-08-15	2014-11-10
G5431-2	W-168	2014-XX-XX	imprecise	2014-09-21	2014-09-07	2014-10-07	2014-08-16	2014-11-13
G5434-2	W-167	2014-XX-XX	imprecise	2014-09-22	2014-09-08	2014-10-08	2014-08-17	2014-11-14
G5435-2	W-185	2014-XX-XX	imprecise	2014-09-22	2014-09-08	2014-10-08	2014-08-17	2014-11-14
G5462-2	W-160	2014-XX-XX	imprecise	2014-09-25	2014-09-10	2014-10-11	2014-08-19	2014-11-18
G5466-2	W-166	2014-XX-XX	imprecise	2014-09-25	2014-09-11	2014-10-12	2014-08-19	2014-11-19
G5466-3	G-151	2014-XX-XX	imprecise	2014-09-25	2014-09-11	2014-10-12	2014-08-19	2014-11-19
G5468-2	W-211	2014-XX-XX	imprecise	2014-09-25	2014-09-11	2014-10-12	2014-08-19	2014-11-19
G5468-3	G-135	2014-XX-XX	imprecise	2014-09-25	2014-09-11	2014-10-12	2014-08-19	2014-11-19
G5487-2	G-145	2014-XX-XX	imprecise	2014-09-27	2014-09-13	2014-10-14	2014-08-20	2014-11-22
G5500-2	G-125	2014-XX-XX	imprecise	2014-09-29	2014-09-14	2014-10-16	2014-08-21	2014-11-24
G5502	G-94	2014-XX-XX	imprecise	2014-09-29	2014-09-14	2014-10-16	2014-08-22	2014-11-25
G5502-3	W-138	2014-XX-XX	imprecise	2014-09-29	2014-09-14	2014-10-16	2014-08-22	2014-11-25
G5502-4	W-213	2014-XX-XX	imprecise	2014-09-29	2014-09-14	2014-10-16	2014-08-22	2014-11-25
G5510	G-105	2014-XX-XX	imprecise	2014-09-30	2014-09-15	2014-10-17	2014-08-22	2014-11-26
G5516	W-144	2014-XX-XX	imprecise	2014-10-01	2014-09-16	2014-10-18	2014-08-23	2014-11-27
G5520	W-225	2014-XX-XX	imprecise	2014-10-01	2014-09-16	2014-10-19	2014-08-23	2014-11-28
G5522	G-91	2014-XX-XX	imprecise	2014-10-01	2014-09-16	2014-10-19	2014-08-23	2014-11-28
G5527	G-96	2014-XX-XX	imprecise	2014-10-02	2014-09-17	2014-10-19	2014-08-23	2014-11-29
G5527-2	W-198	2014-XX-XX	imprecise	2014-10-02	2014-09-17	2014-10-19	2014-08-24	2014-11-29
G5528	G-93	2014-XX-XX	imprecise	2014-10-02	2014-09-17	2014-10-20	2014-08-24	2014-11-29
G5529	W-137	2014-XX-XX	imprecise	2014-10-02	2014-09-17	2014-10-20	2014-08-24	2014-11-29
G5532	W-199	2014-XX-XX	imprecise	2014-10-03	2014-09-17	2014-10-20	2014-08-24	2014-11-30
G5533	G-114	2014-XX-XX	imprecise	2014-10-03	2014-09-17	2014-10-20	2014-08-24	2014-11-30
G5565	G-101	2014-XX-XX	imprecise	2014-10-07	2014-09-21	2014-10-25	2014-08-27	2014-12-06
G5566	W-170	2014-XX-XX	imprecise	2014-10-07	2014-09-21	2014-10-25	2014-08-27	2014-12-06
G5568	G-100	2014-XX-XX	imprecise	2014-10-07	2014-09-21	2014-10-25	2014-08-27	2014-12-06
G5568-2	W-196	2014-09-22	precise	2014-09-22	2014-09-22	2014-09-22	2014-09-22	2014-09-22
G5570	G-106	2014-XX-XX	imprecise	2014-10-07	2014-09-21	2014-10-25	2014-08-27	2014-12-07
G5571	W-224	2014-XX-XX	imprecise	2014-10-07	2014-09-21	2014-10-25	2014-08-27	2014-12-07
G5577	G-92	2014-XX-XX	imprecise	2014-10-08	2014-09-22	2014-10-26	2014-08-28	2014-12-08
G5577-2	W-176	2014-XX-XX	imprecise	2014-10-08	2014-09-22	2014-10-26	2014-08-28	2014-12-08
G5579	W-200	2014-XX-XX	imprecise	2014-10-08	2014-09-22	2014-10-27	2014-08-28	2014-12-08
G5584	W-139	2014-XX-XX	imprecise	2014-10-09	2014-09-23	2014-10-27	2014-08-28	2014-12-09
G5585	W-143	2014-XX-XX	imprecise	2014-10-09	2014-09-23	2014-10-27	2014-08-28	2014-12-10
G5585-2	G-139	2014-XX-XX	imprecise	2014-10-09	2014-09-23	2014-10-28	2014-08-28	2014-12-10
G5590	W-152	2014-XX-XX	imprecise	2014-10-10	2014-09-23	2014-10-28	2014-08-29	2014-12-10
G5603	W-171	2014-XX-XX	imprecise	2014-10-11	2014-09-25	2014-10-30	2014-08-30	2014-12-13
G5613	G-115	2014-XX-XX	imprecise	2014-10-12	2014-09-26	2014-11-01	2014-08-31	2014-12-15
G5613-2	G-156	2014-XX-XX	imprecise	2014-10-13	2014-09-26	2014-11-01	2014-08-31	2014-12-15
G5614	G-113	2014-XX-XX	imprecise	2014-10-13	2014-09-26	2014-11-01	2014-08-31	2014-12-15
G5614-2	W-192	2014-XX-XX	imprecise	2014-10-13	2014-09-26	2014-11-01	2014-08-31	2014-12-15
G5614-3	W-205	2014-XX-XX	imprecise	2014-10-13	2014-09-26	2014-11-01	2014-08-31	2014-12-15
G5615	W-156	2014-XX-XX	imprecise	2014-10-13	2014-09-26	2014-11-01	2014-08-31	2014-12-15
G5615-2	G-159	2014-XX-XX	imprecise	2014-10-13	2014-09-26	2014-11-01	2014-08-31	2014-12-15
G5617	G-120	2014-XX-XX	imprecise	2014-10-13	2014-09-26	2014-11-01	2014-08-31	2014-12-16
G5619	G-119	2014-XX-XX	imprecise	2014-10-13	2014-09-27	2014-11-01	2014-08-31	2014-12-16
G5620	W-172	2014-XX-XX	imprecise	2014-10-13	2014-09-27	2014-11-02	2014-08-31	2014-12-16
G5621	G-126	2014-XX-XX	imprecise	2014-10-14	2014-09-27	2014-11-02	2014-08-31	2014-12-16
G5627	W-147	2014-XX-XX	imprecise	2014-10-14	2014-09-27	2014-11-03	2014-09-01	2014-12-17
G5630-2	G-129	2014-XX-XX	imprecise	2014-10-15	2014-09-28	2014-11-03	2014-09-01	2014-12-18
G5631	G-111	2014-XX-XX	imprecise	2014-10-15	2014-09-28	2014-11-03	2014-09-01	2014-12-18
G5634	W-165	2014-XX-XX	imprecise	2014-10-15	2014-09-28	2014-11-04	2014-09-01	2014-12-19
G5638	G-117	2014-XX-XX	imprecise	2014-10-16	2014-09-29	2014-11-04	2014-09-02	2014-12-20
G5639	W-148	2014-XX-XX	imprecise	2014-10-16	2014-09-29	2014-11-04	2014-09-02	2014-12-20
G5640	G-112	2014-XX-XX	imprecise	2014-10-16	2014-09-29	2014-11-04	2014-09-02	2014-12-20
G5643	W-163	2014-XX-XX	imprecise	2014-10-16	2014-09-29	2014-11-05	2014-09-02	2014-12-21
G5644	W-164	2014-XX-XX	imprecise	2014-10-16	2014-09-29	2014-11-05	2014-09-02	2014-12-21
G5647	G-121	2014-XX-XX	imprecise	2014-10-17	2014-09-30	2014-11-06	2014-09-02	2014-12-21
G5649	G-110	2014-XX-XX	imprecise	2014-10-17	2014-09-30	2014-11-06	2014-09-03	2014-12-22
G5650	G-116	2014-XX-XX	imprecise	2014-10-17	2014-09-30	2014-11-06	2014-09-03	2014-12-22
G5659	W-207	2014-XX-XX	imprecise	2014-10-18	2014-10-01	2014-11-07	2014-09-04	2014-12-24
G5661	W-209	2014-XX-XX	imprecise	2014-10-19	2014-10-01	2014-11-08	2014-09-04	2014-12-24
G5675	W-206	2014-XX-XX	imprecise	2014-10-21	2014-10-03	2014-11-10	2014-09-05	2014-12-27
G5684	G-149	2014-XX-XX	imprecise	2014-10-22	2014-10-04	2014-11-11	2014-09-06	2014-12-29
G5684-2	G-35	2014-XX-XX	imprecise	2014-10-22	2014-10-04	2014-11-11	2014-09-06	2014-12-29
G5685	G-161	2014-XX-XX	imprecise	2014-10-22	2014-10-04	2014-11-11	2014-09-06	2014-12-29
G5686	G-154	2014-XX-XX	imprecise	2014-10-22	2014-10-04	2014-11-12	2014-09-06	2014-12-29
G5687	G-146	2014-XX-XX	imprecise	2014-10-22	2014-10-04	2014-11-12	2014-09-06	2014-12-29
G5687-2	W-51	2014-XX-XX	imprecise	2014-10-22	2014-10-04	2014-11-12	2014-09-06	2014-12-29
G5689	W-217	2014-XX-XX	imprecise	2014-10-23	2014-10-05	2014-11-12	2014-09-06	2014-12-30
G5690	G-158	2014-XX-XX	imprecise	2014-10-23	2014-10-05	2014-11-12	2014-09-06	2014-12-30
G5691	G-157	2014-XX-XX	imprecise	2014-10-23	2014-10-05	2014-11-12	2014-09-06	2014-12-30
G5693	G-147	2014-XX-XX	imprecise	2014-10-23	2014-10-05	2014-11-13	2014-09-07	2014-12-31
G5693-2	G-153	2014-XX-XX	imprecise	2014-10-23	2014-10-05	2014-11-13	2014-09-07	2014-12-31
G5699	W-186	2014-XX-XX	imprecise	2014-10-24	2014-10-06	2014-11-14	2014-09-07	2015-01-01
G5699	W-186	2014-XX-XX	imprecise	2014-10-24	2014-10-06	2014-11-14	2014-09-07	2015-01-01
G5700-2	W-194	2014-XX-XX	imprecise	2014-10-24	2014-10-06	2014-11-14	2014-09-07	2015-01-01
G5723	W-210	2014-XX-XX	imprecise	2014-10-27	2014-10-09	2014-11-17	2014-09-09	2015-01-06
G5731	G-148	2014-XX-XX	imprecise	2014-10-28	2014-10-10	2014-11-19	2014-09-10	2015-01-08
G5732	G-127	2014-XX-XX	imprecise	2014-10-28	2014-10-10	2014-11-19	2014-09-10	2015-01-08
G5732-2	W-49	2014-XX-XX	imprecise	2014-10-29	2014-10-10	2014-11-19	2014-09-10	2015-01-08
G5735	W-159	2014-XX-XX	imprecise	2014-10-29	2014-10-10	2014-11-19	2014-09-10	2015-01-08
G5735-2	W-223	2014-XX-XX	imprecise	2014-10-29	2014-10-10	2014-11-19	2014-09-11	2015-01-08
G5735-3	G-36	2014-XX-XX	imprecise	2014-10-29	2014-10-10	2014-11-19	2014-09-11	2015-01-08
G5737	G-162	2014-XX-XX	imprecise	2014-10-29	2014-10-10	2014-11-20	2014-09-11	2015-01-09
G5738	W-216	2014-XX-XX	imprecise	2014-10-29	2014-10-11	2014-11-20	2014-09-11	2015-01-09
G5739-2	G-155	2014-XX-XX	imprecise	2014-10-30	2014-10-11	2014-11-20	2014-09-11	2015-01-09
G5740	G-142	2014-XX-XX	imprecise	2014-10-30	2014-10-11	2014-11-20	2014-09-11	2015-01-09
G5743	W-208	2014-XX-XX	imprecise	2014-10-30	2014-10-11	2014-11-21	2014-09-11	2015-01-10
G5748	G-134	2014-XX-XX	imprecise	2014-10-31	2014-10-12	2014-11-22	2014-09-12	2015-01-11
G5748	G-134	2014-XX-XX	imprecise	2014-10-31	2014-10-12	2014-11-22	2014-09-12	2015-01-11
G5748-2	W-53	2014-XX-XX	imprecise	2014-10-31	2014-10-12	2014-11-22	2014-09-12	2015-01-11
G5749	W-184	2014-XX-XX	imprecise	2014-10-31	2014-10-12	2014-11-22	2014-09-12	2015-01-11
G5749	W-184	2014-XX-XX	imprecise	2014-10-31	2014-10-12	2014-11-22	2014-09-12	2015-01-11
G5749-2	W-52	2014-XX-XX	imprecise	2014-10-31	2014-10-12	2014-11-22	2014-09-12	2015-01-11
G5749-3	W-77	2014-XX-XX	imprecise	2014-10-31	2014-10-12	2014-11-22	2014-09-12	2015-01-11
G5756	G-160	2014-XX-XX	imprecise	2014-11-01	2014-10-13	2014-11-23	2014-09-13	2015-01-13
G5759	G-130	2014-XX-XX	imprecise	2014-11-01	2014-10-13	2014-11-23	2014-09-13	2015-01-14
G5760	G-140	2014-XX-XX	imprecise	2014-11-02	2014-10-13	2014-11-24	2014-09-13	2015-01-14
G5762	W-191	2014-XX-XX	imprecise	2014-11-02	2014-10-14	2014-11-24	2014-09-13	2015-01-14
G5763	W-204	2014-XX-XX	imprecise	2014-11-02	2014-10-14	2014-11-24	2014-09-13	2015-01-14
G5764	G-136	2014-XX-XX	imprecise	2014-11-02	2014-10-14	2014-11-24	2014-09-13	2015-01-15
G5765	W-183	2014-XX-XX	imprecise	2014-11-02	2014-10-14	2014-11-24	2014-09-13	2015-01-15
G5767	W-189	2014-XX-XX	imprecise	2014-11-03	2014-10-14	2014-11-25	2014-09-14	2015-01-15
G5768	W-187	2014-XX-XX	imprecise	2014-11-03	2014-10-14	2014-11-25	2014-09-14	2015-01-16
G5784	G-138	2014-XX-XX	imprecise	2014-11-05	2014-10-16	2014-11-28	2014-09-15	2015-01-19
G5785	W-190	2014-XX-XX	imprecise	2014-11-05	2014-10-17	2014-11-28	2014-09-15	2015-01-19
G5786	G-144	2014-XX-XX	imprecise	2014-11-05	2014-10-17	2014-11-28	2014-09-15	2015-01-20
G5787	W-188	2014-XX-XX	imprecise	2014-11-06	2014-10-17	2014-11-28	2014-09-16	2015-01-20
G5787-2	W-178	2014-XX-XX	imprecise	2014-11-06	2014-10-17	2014-11-28	2014-09-16	2015-01-20
G5788	G-131	2014-XX-XX	imprecise	2014-11-06	2014-10-17	2014-11-28	2014-09-16	2015-01-20
G5790	G-128	2014-XX-XX	imprecise	2014-11-06	2014-10-17	2014-11-29	2014-09-16	2015-01-20
G5796	W-146	2014-XX-XX	imprecise	2014-11-07	2014-10-18	2014-11-30	2014-09-16	2015-01-22
G5796	W-146	2014-XX-XX	imprecise	2014-11-07	2014-10-18	2014-11-30	2014-09-16	2015-01-22
G5796-2	W-54	2014-XX-XX	imprecise	2014-11-07	2014-10-18	2014-11-30	2014-09-16	2015-01-22
G5797	W-195	2014-XX-XX	imprecise	2014-11-07	2014-10-18	2014-11-30	2014-09-17	2015-01-22
G5816	G-143	2014-XX-XX	imprecise	2014-11-10	2014-10-21	2014-12-03	2014-09-18	2015-01-26
G5817	W-197	2014-XX-XX	imprecise	2014-11-10	2014-10-21	2014-12-03	2014-09-19	2015-01-27
G5821	G-141	2014-XX-XX	imprecise	2014-11-11	2014-10-21	2014-12-04	2014-09-19	2015-01-28
G5840	G-99	2014-XX-XX	imprecise	2014-11-14	2014-10-24	2014-12-07	2014-09-21	2015-02-01
G5844	W-161	2014-XX-XX	imprecise	2014-11-14	2014-10-24	2014-12-08	2014-09-21	2015-02-02
G5846	W-158	2014-XX-XX	imprecise	2014-11-15	2014-10-25	2014-12-09	2014-09-22	2015-02-02
G5849	W-162	2014-XX-XX	imprecise	2014-11-15	2014-10-25	2014-12-09	2014-09-22	2015-02-03
G5851	W-150	2014-XX-XX	imprecise	2014-11-15	2014-10-25	2014-12-09	2014-09-22	2015-02-04
G5853	W-157	2014-XX-XX	imprecise	2014-11-16	2014-10-26	2014-12-10	2014-09-22	2015-02-04
G5855	W-149	2014-XX-XX	imprecise	2014-11-16	2014-10-26	2014-12-10	2014-09-23	2015-02-05
G5867-2	W-50	2014-XX-XX	imprecise	2014-11-18	2014-10-28	2014-12-12	2014-09-24	2015-02-08
G5868	W-175	2014-XX-XX	imprecise	2014-11-18	2014-10-28	2014-12-13	2014-09-24	2015-02-08
G5879	W-174	2014-XX-XX	imprecise	2014-11-20	2014-10-29	2014-12-15	2014-09-25	2015-02-10
G5880	W-173	2014-XX-XX	imprecise	2014-11-20	2014-10-29	2014-12-15	2014-09-25	2015-02-11
G5881	W-177	2014-XX-XX	imprecise	2014-11-20	2014-10-30	2014-12-15	2014-09-25	2015-02-11
G5894	G-24	2014-XX-XX	imprecise	2014-11-22	2014-10-31	2014-12-18	2014-09-27	2015-02-14
G5896	G-21	2014-XX-XX	imprecise	2014-11-23	2014-11-01	2014-12-18	2014-09-27	2015-02-15
G5897	G-23	2014-XX-XX	imprecise	2014-11-23	2014-11-01	2014-12-18	2014-09-27	2015-02-15
G5898	G-22	2014-XX-XX	imprecise	2014-11-23	2014-11-01	2014-12-18	2014-09-27	2015-02-15
G5908	G-25	2014-XX-XX	imprecise	2014-11-25	2014-11-02	2014-12-20	2014-09-28	2015-02-18
G5932	G-34	2014-XX-XX	imprecise	2014-11-29	2014-11-06	2014-12-25	2014-10-01	2015-02-24
G5932-3	W-78	2014-XX-XX	imprecise	2014-11-29	2014-11-06	2014-12-25	2014-10-01	2015-02-24
G5935	G-31	2014-XX-XX	imprecise	2014-11-29	2014-11-06	2014-12-25	2014-10-01	2015-02-25
G5948	G-33	2014-XX-XX	imprecise	2014-12-02	2014-11-08	2014-12-28	2014-10-03	2015-02-28
G5950	G-32	2014-XX-XX	imprecise	2014-12-02	2014-11-09	2014-12-28	2014-10-03	2015-03-01
G5956	W-59	2014-XX-XX	imprecise	2014-12-03	2014-11-10	2014-12-30	2014-10-04	2015-03-02
G5977	W-89	2014-XX-XX	imprecise	2014-12-07	2014-11-13	2015-01-03	2014-10-06	2015-03-08
G5980	W-27	2014-XX-XX	imprecise	2014-12-07	2014-11-13	2015-01-04	2014-10-07	2015-03-09
G5981	W-26	2014-XX-XX	imprecise	2014-12-07	2014-11-13	2015-01-04	2014-10-07	2015-03-09
G5982	W-31	2014-XX-XX	imprecise	2014-12-08	2014-11-14	2015-01-04	2014-10-07	2015-03-09
G5983	W-90	2014-XX-XX	imprecise	2014-12-08	2014-11-14	2015-01-04	2014-10-07	2015-03-09
G5985	W-91	2014-XX-XX	imprecise	2014-12-08	2014-11-14	2015-01-05	2014-10-07	2015-03-10
G5986	W-84	2014-XX-XX	imprecise	2014-12-08	2014-11-14	2015-01-05	2014-10-07	2015-03-10
G5988	W-30	2014-XX-XX	imprecise	2014-12-09	2014-11-15	2015-01-05	2014-10-08	2015-03-11
G5992	W-88	2014-XX-XX	imprecise	2014-12-09	2014-11-15	2015-01-06	2014-10-08	2015-03-12
G5996	W-82	2014-XX-XX	imprecise	2014-12-10	2014-11-16	2015-01-07	2014-10-09	2015-03-13
G5997	W-29	2014-XX-XX	imprecise	2014-12-10	2014-11-16	2015-01-07	2014-10-09	2015-03-13
G5998	W-28	2014-XX-XX	imprecise	2014-12-11	2014-11-16	2015-01-07	2014-10-09	2015-03-13
G5999	W-83	2014-XX-XX	imprecise	2014-12-11	2014-11-16	2015-01-08	2014-10-09	2015-03-14
G6001	W-87	2014-XX-XX	imprecise	2014-12-11	2014-11-17	2015-01-08	2014-10-09	2015-03-14
G6002	W-25	2014-XX-XX	imprecise	2014-12-11	2014-11-17	2015-01-08	2014-10-09	2015-03-15
G6012	W-36	2014-XX-XX	imprecise	2014-12-13	2014-11-18	2015-01-10	2014-10-10	2015-03-17
G6013	W-32	2014-XX-XX	imprecise	2014-12-13	2014-11-19	2015-01-11	2014-10-11	2015-03-18
G6014	W-40	2014-XX-XX	imprecise	2014-12-13	2014-11-19	2015-01-11	2014-10-11	2015-03-18
G6020	W-38	2014-XX-XX	imprecise	2014-12-15	2014-11-20	2015-01-12	2014-10-11	2015-03-20
G6050	W-41	2014-XX-XX	imprecise	2014-12-20	2014-11-25	2015-01-19	2014-10-15	2015-03-28
G6060	W-79	2014-XX-XX	imprecise	2014-12-22	2014-11-26	2015-01-21	2014-10-17	2015-03-31
G6062	W-80	2014-XX-XX	imprecise	2014-12-23	2014-11-27	2015-01-21	2014-10-17	2015-04-01
G6063	W-85	2014-XX-XX	imprecise	2014-12-23	2014-11-27	2015-01-22	2014-10-17	2015-04-01
G6068	W-81	2014-XX-XX	imprecise	2014-12-24	2014-11-28	2015-01-23	2014-10-18	2015-04-02
G6069	W-86	2014-XX-XX	imprecise	2014-12-24	2014-11-28	2015-01-23	2014-10-18	2015-04-03
G6089	W-37	2014-XX-XX	imprecise	2014-12-28	2014-12-01	2015-01-27	2014-10-20	2015-04-09
G6091	W-35	2014-XX-XX	imprecise	2014-12-28	2014-12-02	2015-01-28	2014-10-21	2015-04-09
G6094	W-39	2014-XX-XX	imprecise	2014-12-29	2014-12-02	2015-01-29	2014-10-21	2015-04-10
G6095	W-33	2014-XX-XX	imprecise	2014-12-29	2014-12-02	2015-01-29	2014-10-21	2015-04-11
G6103	W-43	2014-XX-XX	imprecise	2014-12-31	2014-12-04	2015-01-31	2014-10-22	2015-04-13
G6104	W-42	2014-XX-XX	imprecise	2014-12-31	2014-12-04	2015-01-31	2014-10-22	2015-04-13